session_id,object_position,heading,target,value,time,view_point
3,302,315,270,310.9144,5.95899999999529,0
3,123,90,90,2.918435,9.27500000000146,0
3,128,90,135,45.22557,18.3020000000033,0
3,236,90,135,225,4.07200000000012,0
3,517,315,225,259.5568,42.2150000000038,0
3,305,315,225,263.5119,5.31499999999505,0
3,534,45,270,64.24953,37.4170000000013,0
3,203,0,90,89.32597,23.7350000000006,0
3,683,180,0,357.9786,8.8070000000007,0
3,410,45,45,348.2586,7.46199999999953,0
3,170,180,45,308.2464,12.4069999999992,0
3,518,315,135,136.8551,10.5079999999944,0
3,263,135,90,314.7744,6.36900000000605,0
3,518,315,135,136.8551,10.5079999999944,0
3,158,135,135,45,8.4690000000046,0
3,867,0,270,225,4.90899999999965,0
3,185,135,135,308.2464,6.70799999999872,0
3,157,135,180,117.1907,12.1710000000021,0
3,682,180,315,135,10.2419999999984,0
3,572,225,0,151.7529,38.0220000000045,0
3,570,225,0,315,5.79899999999907,0
3,140,225,45,135,5.80999999999767,0
3,107,45,180,57.09476,10.7869999999966,0
3,107,45,180,57.09476,10.7869999999966,0
3,648,270,180,300.2983,13.3479999999981,0
3,318,270,180,303.5342,12.5149999999994,0
3,547,270,225,288.0295,6.12900000000081,0
3,873,270,0,119.283,10.3099999999977,0
3,718,0,90,104.7214,5.40999999999622,0
3,581,135,315,225,7.19700000000012,0
3,735,45,45,298.94,40.487000000001,0
3,543,270,45,225,7.3839999999982,0
3,781,90,0,225,5.82900000000518,0
3,783,90,45,315,9.64600000000064,0
3,461,90,45,257.8286,8.04299999999785,0
3,465,90,90,315,6.94800000000396,0
3,628,315,180,225,32.0639999999985,0
3,507,0,225,242.8093,26.1810000000041,0
3,306,315,180,68.00516,57.2969999999987,0
3,250,180,0,181.5724,3.69499999999971,0
3,471,135,45,295.0169,11.1860000000015,0
3,583,135,45,215.0674,3.9519999999975,0
3,476,135,90,315,11.1080000000002,0
3,863,0,0,347.3998,3.91700000000128,0
3,104,45,225,144.6327,22.6620000000039,0
3,537,45,225,225,6.84599999999773,0
3,534,45,270,64.24953,37.4170000000013,0
3,382,180,270,296.834,14.5499999999956,0
3,684,180,270,60.37625,4.5789999999979,0
3,380,180,315,315,6.19999999999709,0
3,731,45,0,315,9.80900000000111,0
3,213,270,90,135,8.84300000000076,0
3,548,270,135,225,16.0269999999946,0
3,216,270,135,137.8271,6.2980000000025,0
3,370,225,315,63.52489,6.45900000000256,0
3,571,225,315,235.8458,10.3800000000047,0
3,581,135,315,225,7.19700000000012,0
3,523,0,45,225,5.50200000000041,0
3,543,270,45,225,7.3839999999982,0
3,230,90,0,232.8793,9.61300000000483,0
3,516,315,90,139.8645,14.9229999999952,0
3,518,315,135,225,33.7450000000026,0
3,518,315,135,225,33.7450000000026,0
3,527,0,225,45,34.7390000000014,0
3,371,225,270,57.73281,5.56399999999849,0
3,561,90,315,225,32.9110000000001,0
3,260,135,0,268.8767,3.92299999999523,0
3,580,135,0,173.5119,7.51499999999942,0
3,107,45,180,103.0274,3.92200000000594,0
3,520,0,0,3.814075,6.26600000000326,0
3,107,45,180,103.0274,3.92200000000594,0
3,581,135,315,260.4284,10.4919999999984,0
3,715,0,45,83.06865,6.87600000000384,0
3,543,270,45,225,23.7639999999956,0
3,815,315,315,49.60287,5.8949999999968,0
3,751,45,0,240.717,22.3780000000042,0
3,546,270,90,235.8458,4.79100000000471,0
3,052,180,180,339.9628,4.95200000000477,0
3,638,0,180,198.0296,5.75400000000081,0
3,174,180,225,51.20345,23.4910000000018,0
3,024,180,225,68.00516,7.03899999999703,0
3,743,315,45,135,5.20100000000093,0
3,513,315,45,82.18471,9.07400000000052,0
3,170,180,45,225,5.47000000000116,0
3,748,315,90,188.2559,5.66500000000087,0
3,376,225,180,298.2471,6.25999999999476,0
3,014,225,225,298.2471,5.67000000000553,0
3,357,225,225,246.1001,4.61399999999412,0
3,574,225,270,57.09476,5.79000000000087,0
3,567,90,225,113.1443,12.6189999999988,0
3,231,90,270,135,6.59100000000035,0
3,564,90,270,127.6879,41.8510000000024,0
3,784,90,315,225,7.95500000000175,0
3,102,45,90,40.65676,5.29200000000128,0
3,105,45,135,66.47679,6.77399999999761,0
3,538,45,135,52.87928,23.6160000000018,0
3,632,0,315,124.1542,52.3709999999992,0
3,205,0,180,169.1228,8.07100000000355,0
3,584,135,270,148.38,6.58299999999872,0
3,261,135,270,200.8264,4.70900000000256,0
3,581,135,315,260.4284,10.4919999999984,0
3,643,270,0,135,47.3150000000023,0
3,543,270,45,225,23.7639999999956,0
3,253,180,90,235.2348,6.27700000000186,0
3,023,180,135,302.9052,5.12299999999959,0
3,256,180,135,305.9605,10.762999999999,0
3,368,180,180,355.7388,26.6770000000033,0
3,534,45,270,200.0372,14.0969999999943,0
3,528,0,135,63.52489,50.0659999999989,0
3,310,270,315,45,7.27199999999721,0
3,741,315,0,64.98311,5.46199999999953,0
3,510,315,0,225,10.5529999999999,0
3,170,180,45,225,5.47000000000116,0
3,148,225,135,263.5119,19.5200000000041,0
3,578,225,135,315,49.7740000000049,0
3,714,0,315,258.6901,16.6080000000002,0
3,147,225,180,315,27.0550000000003,0
3,124,90,225,50.66169,13.1610000000001,0
3,624,315,270,296.4751,10.8830000000016,0
3,851,315,315,45,7.10199999999895,0
3,406,45,90,54.63272,3.81999999999971,0
3,137,90,180,93.81408,70.6759999999995,0
3,235,90,180,135,13.3700000000026,0
3,154,135,225,103.0274,6.10499999999593,0
3,734,45,315,186.0441,68.4979999999996,0
3,531,45,315,225.913,21.1390000000029,0
3,170,180,45,308.2464,12.4069999999992,0
3,172,180,90,276.0441,3.82299999999668,0
3,032,135,180,103.0274,5.93299999999726,0
3,031,135,225,195.141,5.0940000000046,0
3,654,270,270,264.4007,17.4449999999997,0
3,206,0,135,134.5471,4.43400000000111,0
3,321,270,270,102.1715,41.3570000000036,0
3,642,270,315,55.8458,5.72999999999593,0
3,573,225,45,210.9638,16.8580000000002,0
3,142,225,90,313.3832,52.7249999999985,0
3,576,225,90,162.7868,5.61200000000099,0
3,634,0,270,225,7.05500000000029,0
3,317,270,225,295.7505,22.5470000000059,0
3,534,45,270,200.0372,14.0969999999943,0
5,382,180,270,98.6955,11.099000000002,0
5,684,180,270,98.6955,15.0849999999991,0
5,380,180,315,221.9251,12.0839999999953,0
5,682,180,315,135,16.7019999999975,0
5,213,270,90,180.2247,8.79499999999825,0
5,107,45,180,162.7868,12.3329999999987,0
5,548,270,135,227.2776,9.26799999999639,0
5,216,270,135,218.7966,17.7469999999958,0
5,371,225,270,44.54708,18.2019999999975,0
5,370,225,315,87.52995,11.3800000000047,0
5,571,225,315,91.12331,11.7719999999972,0
5,581,135,315,182.0214,29.1310000000012,0
5,523,0,45,48.54236,16.4890000000014,0
5,543,270,45,127.1207,5.02900000000227,0
5,731,45,0,288.8384,18.6140000000014,0
5,230,90,0,262.1847,9.84700000000157,0
5,781,90,0,263.5119,9.43499999999767,0
5,527,0,225,229.459,3.63700000000244,0
5,534,45,270,234.0395,21.2489999999962,0
5,561,90,315,225,36.1650000000009,0
5,170,180,45,256.1225,6.25699999999779,0
5,260,135,0,229.9073,7.16399999999703,0
5,580,135,0,225,39.8159999999989,0
5,170,180,45,256.1225,6.25699999999779,0
5,520,0,0,177.0816,10.6140000000014,0
5,715,0,45,53.45503,14.0809999999983,0
5,815,315,315,356.3715,7.23099999999977,0
5,751,45,0,300.2983,7.31200000000536,0
5,546,270,90,186.0441,15.4409999999989,0
5,052,180,180,0.316548,5.99799999999959,0
5,638,0,180,179.6397,11.2620000000024,0
5,174,180,225,38.52254,4.15400000000227,0
5,024,180,225,60.37625,7.58199999999488,0
5,743,315,45,90.22469,18.1240000000034,0
5,513,315,45,90.22469,19.2330000000002,0
5,748,315,90,138.061,27.0710000000036,0
5,516,315,90,125.2646,5.2019999999975,0
5,014,225,225,1.123303,8.58999999999651,0
5,357,225,225,355.7388,12.3359999999957,0
5,574,225,270,64.98311,20.2550000000047,0
5,205,0,180,180.2247,8.49899999999616,0
5,231,90,270,179.7753,7.39400000000023,0
5,564,90,270,180.2247,9.18499999999767,0
5,784,90,315,223.8542,6.8640000000014,0
5,102,45,90,45,7.72200000000157,0
5,105,45,135,101.3099,7.87299999999959,0
5,538,45,135,107.6223,21.1630000000005,0
5,632,0,315,269.7753,15.8430000000008,0
5,534,45,270,234.0395,21.2489999999962,0
5,584,135,270,127.1207,14.3110000000015,0
5,261,135,270,143.0207,49.7489999999962,0
5,643,270,0,100.4432,6.8859999999986,0
5,023,180,135,307.6878,26.8179999999993,0
5,256,180,135,310.8448,20.2309999999998,0
5,368,180,180,351.7441,4.9230000000025,0
5,534,45,270,225,24.1210000000065,0
5,310,270,315,59.42975,10.1580000000031,0
5,741,315,0,75.27856,6.70100000000093,0
5,510,315,0,42.17287,26.0339999999997,0
5,170,180,45,225.2604,15.5470000000059,0
5,170,180,45,225.2604,15.5470000000059,0
5,518,315,135,183.7005,6.97499999999854,0
5,148,225,135,261.3045,14.612000000001,0
5,578,225,135,256.9726,9.77300000000105,0
5,714,0,315,311.3632,3.97599999999511,0
5,518,315,135,183.7005,6.97499999999854,0
5,147,225,180,277.8153,19.0610000000015,0
5,376,225,180,312.4187,41.9400000000023,0
5,124,90,225,138.5107,8.48599999999715,0
5,567,90,225,141.624,6.74699999999575,0
5,851,315,315,0.2246882,12.7870000000039,0
5,406,45,90,79.55681,4.70100000000093,0
5,107,45,180,129.4977,18.0550000000003,0
5,137,90,180,99.5716,6.18500000000495,0
5,528,0,135,144.0395,7.98799999999756,0
5,235,90,180,97.8153,18.8050000000003,0
5,154,135,225,98.6955,14.8899999999994,0
5,734,45,315,258.6901,10.476999999999,0
5,531,45,315,263.5119,14.6700000000055,0
5,581,135,315,188.8319,14.9040000000023,0
5,543,270,45,127.2826,29.1209999999992,0
5,172,180,90,277.8153,14.75,0
5,253,180,90,271.5724,17.0570000000007,0
5,032,135,180,67.02945,7.83199999999488,0
5,031,135,225,257.8286,5.08399999999529,0
5,654,270,270,355.7388,8.54400000000169,0
5,206,0,135,129.1375,6.20599999999831,0
5,321,270,270,3.814075,6.39199999999983,0
5,642,270,315,49.57393,8.36100000000442,0
5,573,225,45,180.674,8.16900000000169,0
5,142,225,90,209.0042,6.31599999999889,0
5,576,225,90,226.646,41.6340000000055,0
5,634,0,270,274.2612,7.88300000000163,0
5,534,45,270,225,24.1210000000065,0
5,302,315,270,305.0738,6.34800000000541,0
5,624,315,270,304.7652,7.24900000000343,0
5,107,45,180,129.4977,18.0550000000003,0
5,123,90,90,0.2246882,21.4150000000009,0
5,128,90,135,58.37996,22.5880000000034,0
5,236,90,135,55.8458,5.84200000000419,0
5,517,315,225,270.2438,21.448000000004,0
5,305,315,225,261.3102,11.2019999999975,0
5,203,0,90,101.3099,3.46499999999651,0
5,581,135,315,188.8319,14.9040000000023,0
5,683,180,0,184.2612,16.8240000000005,0
5,410,45,45,355.8972,21.8479999999981,0
5,543,270,45,127.2826,29.1209999999992,0
5,518,315,135,184.2974,21.6479999999938,0
5,518,315,135,184.2974,21.6479999999938,0
5,158,135,135,359.7753,25.1359999999986,0
5,867,0,270,260.4284,3.83999999999651,0
5,185,135,135,359.5818,26.823000000004,0
5,157,135,180,78.69007,6.67599999999948,0
5,572,225,0,113.8999,5.64199999999983,0
5,570,225,0,149.7017,9.13999999999942,0
5,140,225,45,199.24,12.8660000000018,0
5,107,45,180,162.7868,12.3329999999987,0
5,648,270,180,263.5119,10.2720000000045,0
5,318,270,180,271.5724,25.7229999999981,0
5,547,270,225,279.5716,13.5169999999998,0
5,317,270,225,299.6237,8.88999999999942,0
5,873,270,0,103.0274,8.36499999999796,0
5,718,0,90,94.70786,19.0619999999981,0
5,581,135,315,182.0214,29.1310000000012,0
5,735,45,45,359.071,21.8480000000054,0
5,543,270,45,127.1207,5.02900000000227,0
5,783,90,45,304.7652,4.02999999999884,0
5,461,90,45,290.8831,3.61799999999494,0
5,465,90,90,351.8699,10.9830000000002,0
5,628,315,180,225,7.37199999999575,0
5,507,0,225,225.8952,15.0059999999939,0
5,306,315,180,228.6173,10.4130000000005,0
5,250,180,0,167.6961,4.2219999999943,0
5,471,135,45,315,7.47800000000279,0
5,583,135,45,314.3179,10.0439999999944,0
5,476,135,90,322.0318,24.7509999999966,0
5,263,135,90,317.7408,7.52399999999761,0
5,863,0,0,3.814075,15.0050000000047,0
5,104,45,225,168.0067,9.7980000000025,0
5,537,45,225,177.9786,3.52499999999418,0
6,205,0,180,178.8767,5.79299999999785,180
6,231,90,270,225,11.5910000000003,180
6,564,90,270,225,15.2890000000043,180
6,784,90,315,225,6.94499999999971,180
6,102,45,90,45,21.6330000000016,180
6,105,45,135,135,19.9370000000054,180
6,538,45,135,119.9622,10.4370000000054,180
6,632,0,315,291.9948,8.62700000000041,180
6,518,315,135,160.3604,7.34200000000419,180
6,534,45,270,250.76,19.0930000000008,180
6,261,135,270,135,12.6569999999992,180
6,643,270,0,89.77531,7.4210000000021,180
6,107,45,180,135,18.5679999999993,180
6,023,180,135,259.5568,7.54699999999866,180
6,256,180,135,269.7753,3.43599999999424,180
6,368,180,180,359.7753,7.75699999999779,180
6,310,270,315,40.01892,8.55099999999948,180
6,581,135,315,225,11.2569999999978,180
6,741,315,0,52.31215,10.1880000000019,180
6,510,315,0,48.57633,19.3930000000037,180
6,581,135,315,225,11.2569999999978,180
6,543,270,45,82.18471,6.64199999999983,180
6,743,315,45,133.1449,5.54100000000471,180
6,543,270,45,82.18471,6.64199999999983,180
6,578,225,135,232.3121,5.47599999999511,180
6,518,315,135,180.2247,7.58200000000215,180
6,147,225,180,298.94,7.31199999999808,180
6,376,225,180,282.1714,4.54400000000169,180
6,124,90,225,170.8659,19.2489999999962,180
6,567,90,225,135,11.8410000000003,180
6,851,315,315,336.1001,6.67500000000291,180
6,406,45,90,34.1542,26.6650000000009,180
6,714,0,315,296.4751,10.6209999999992,180
6,107,45,180,103.8775,22.1100000000006,180
6,528,0,135,135,5.21699999999692,180
6,235,90,180,124.1542,13.9559999999983,180
6,154,135,225,97.8153,9.68600000000151,180
6,584,135,270,180.2247,15.4709999999977,180
6,873,270,0,71.97044,14.2550000000047,180
6,531,45,315,264.4007,6.79299999999785,180
6,172,180,90,262.1847,5.14999999999418,180
6,253,180,90,225,4.16599999999744,180
6,032,135,180,68.00516,6.59200000000419,180
6,031,135,225,186.4881,19.8729999999996,180
6,654,270,270,0.2246882,5.65299999999843,180
6,206,0,135,135,5.77300000000105,180
6,321,270,270,45,6.68600000000151,180
6,642,270,315,17.21319,9.95799999999872,180
6,573,225,45,128.7966,8.45000000000437,180
6,142,225,90,225,5.00900000000547,180
6,576,225,90,135.4529,10.528999999995,180
6,518,315,135,180.2247,7.58200000000215,180
6,148,225,135,232.8793,17.7920000000013,180
6,634,0,270,225,16.4959999999992,180
6,302,315,270,315,3.34900000000198,180
6,624,315,270,288.0295,11.2639999999956,180
6,107,45,180,103.8775,22.1100000000006,180
6,123,90,90,20.43283,9.91799999999785,180
6,128,90,135,45,7.72200000000157,180
6,236,90,135,45,5.52700000000186,180
6,137,90,180,123.5342,9.08599999999569,180
6,305,315,225,271.5724,9.18299999999726,180
6,203,0,90,43.14492,5.93700000000536,180
6,734,45,315,236.4658,3.69799999999668,180
6,581,135,315,220.1355,5.95400000000518,180
6,683,180,0,181.5724,15.4150000000009,180
6,581,135,315,220.1355,5.95400000000518,180
6,410,45,45,28.24713,5.58399999999529,180
6,543,270,45,65.72556,8.96899999999732,180
6,543,270,45,65.72556,8.96899999999732,180
6,158,135,135,333.166,8.75099999999657,180
6,867,0,270,257.8286,12.5980000000054,180
6,185,135,135,353.5119,9.38300000000163,180
6,157,135,180,45,8.63199999999779,180
6,534,45,270,232.8793,25.4119999999966,180
6,572,225,0,135,7.93500000000495,180
6,570,225,0,109.24,7.44000000000233,180
6,170,180,45,225,6.7809999999954,180
6,140,225,45,154.2495,13.2809999999954,180
6,170,180,45,225,6.7809999999954,180
6,318,270,180,247.6199,14.3000000000029,180
6,547,270,225,251.565,13.8559999999998,180
6,317,270,225,312.4187,7.02900000000227,180
6,735,45,45,30.03045,7.65399999999499,180
6,783,90,45,307.1207,15.75,180
6,461,90,45,304.7652,13.1520000000019,180
6,465,90,90,30.89603,10.1040000000066,180
6,628,315,180,225,13.3260000000009,180
6,507,0,225,218.7966,7.40400000000227,180
6,306,315,180,232.3121,5.05599999999686,180
6,517,315,225,315,7.56999999999971,180
6,718,0,90,117.8973,8.07099999999627,180
6,250,180,0,177.9786,6.7019999999975,180
6,583,135,45,306.545,7.4030000000057,180
6,476,135,90,296.4751,9.58599999999569,180
6,263,135,90,311.9251,5.88199999999779,180
6,863,0,0,0.2246882,7.62799999999697,180
6,104,45,225,135,13.4629999999961,180
6,537,45,225,225,18.387999999999,180
6,684,180,270,81.3045,7.54299999999785,180
6,380,180,315,135,9.56499999999505,180
6,682,180,315,127.6879,4.80399999999645,180
6,213,270,90,225,32.7770000000019,180
6,548,270,135,225,10.9459999999963,180
6,216,270,135,181.5724,5.42399999999907,180
6,648,270,180,256.9726,24.3029999999999,180
6,534,45,270,232.8793,25.4119999999966,180
6,371,225,270,64.24953,13.2439999999988,180
6,370,225,315,125.3673,14.0550000000003,180
6,571,225,315,84.84609,4.60599999999977,180
6,523,0,45,40.65676,5.01200000000244,180
6,731,45,0,296.4751,12.0409999999974,180
6,230,90,0,315,11.5600000000049,180
6,781,90,0,225,8.67399999999907,180
6,527,0,225,249.1736,14.8549999999959,180
6,534,45,270,250.76,19.0930000000008,180
6,561,90,315,257.8286,6.41299999999319,180
6,170,180,45,225,7.11300000000483,180
6,260,135,0,225,7.87099999999919,180
6,580,135,0,225,17.1010000000024,180
6,170,180,45,225,7.11300000000483,180
6,471,135,45,259.5568,10.0749999999971,180
6,520,0,0,353.9559,6.52399999999761,180
6,518,315,135,160.3604,7.34200000000419,180
6,382,180,270,85.73878,9.95999999999913,180
6,715,0,45,88.42757,12.5199999999968,180
6,815,315,315,315,9.90899999999965,180
6,751,45,0,295.7505,6.23300000000017,180
6,546,270,90,83.95591,9.31900000000314,180
6,107,45,180,135,18.5679999999993,180
6,052,180,180,345.2786,10.3119999999981,180
6,638,0,180,176.1859,14.1310000000012,180
6,174,180,225,78.69007,4.38899999999558,180
6,024,180,225,70.36041,6.85399999999936,180
6,513,315,45,98.6955,8.72099999999773,180
6,748,315,90,153.166,6.7699999999968,180
6,516,315,90,110.0372,15.5829999999987,180
6,014,225,225,3.814075,11.3300000000017,180
6,357,225,225,0.2246882,6.12700000000041,180
6,574,225,270,59.70167,6.15699999999924,180
7,654,270,270,49.60287,14.737000000001,0
7,206,0,135,122.5873,16.5709999999963,0
7,321,270,270,51.43266,8.40099999999802,0
7,642,270,315,41.15397,8.46399999999994,0
7,310,270,315,318.8655,14.2800000000061,0
7,142,225,90,240.717,21.0740000000005,0
7,576,225,90,142.0318,17.0299999999988,0
7,148,225,135,273.3665,17.349000000002,0
7,634,0,270,251.565,9.95300000000134,0
7,305,315,225,294.2744,17.2969999999987,0
7,302,315,270,319.0042,6.71300000000338,0
7,534,45,270,258.9647,9.74399999999878,0
7,624,315,270,317.8271,8.16899999999441,0
7,170,180,45,241.6578,9.15899999999965,0
7,128,90,135,288.0295,9.55900000000111,0
7,236,90,135,64.98311,6.94900000000052,0
7,137,90,180,45,9.53200000000652,0
7,534,45,270,258.9647,9.74399999999878,0
7,203,0,90,50.12819,9.30299999999988,0
7,734,45,315,235.8458,19.7719999999972,0
7,410,45,45,14.72144,5.9519999999975,0
7,158,135,135,299.6237,13.6599999999962,0
7,867,0,270,262.1847,8.69800000000396,0
7,185,135,135,21.2796,19.002999999997,0
7,157,135,180,57.09476,10.7209999999977,0
7,032,135,180,113.8999,7.07599999999366,0
7,572,225,0,96.7571,7.75200000000041,0
7,570,225,0,145.5518,7.01900000000023,0
7,140,225,45,212.9299,18.4820000000036,0
7,573,225,45,135,18.5799999999945,0
7,170,180,45,225.2953,10.7459999999992,0
7,518,315,135,148.38,7.40499999999884,0
7,318,270,180,251.565,8.26000000000204,0
7,547,270,225,289.5193,6.96499999999651,0
7,317,270,225,288.0295,20.3940000000002,0
7,735,45,45,48.34195,19.7690000000002,0
7,783,90,45,289.6396,14.4850000000006,0
7,461,90,45,289.6396,8.41799999999785,0
7,465,90,90,59.89019,7.77100000000064,0
7,107,45,180,125.3673,13.5120000000024,0
7,123,90,90,310.9144,8.99799999999959,0
7,628,315,180,218.7966,11.1949999999997,0
7,306,315,180,235.5994,8.97699999999895,0
7,517,315,225,234.6327,9.2019999999975,0
7,718,0,90,127.1207,8.18100000000413,0
7,250,180,0,181.5208,5.69200000000274,0
7,683,180,0,187.3738,3.87000000000262,0
7,583,135,45,300.2983,18.0919999999969,0
7,476,135,90,316.4879,14.2740000000049,0
7,263,135,90,305.9605,7.57600000000093,0
7,507,0,225,232.3121,5.61000000000058,0
7,104,45,225,158.782,6.51600000000326,0
7,537,45,225,246.0121,13.6429999999964,0
7,684,180,270,77.82854,17.127999999997,0
7,534,45,270,232.8793,10.7609999999986,0
7,380,180,315,101.3099,9.00800000000163,0
7,682,180,315,144.1936,17.265999999996,0
7,170,180,45,225.2953,10.7459999999992,0
7,518,315,135,148.38,7.40499999999884,0
7,548,270,135,155.7256,11.5769999999975,0
7,216,270,135,135,8.46699999999692,0
7,648,270,180,248.3925,18.0789999999979,0
7,534,45,270,232.8793,10.7609999999986,0
7,370,225,315,103.1726,17.1419999999998,0
7,571,225,315,69.56717,8.74199999999837,0
7,523,0,45,43.22592,12.497000000003,0
7,731,45,0,304.1542,15.1820000000007,0
7,230,90,0,295.0169,7.89900000000489,0
7,781,90,0,234.6327,22.6160000000018,0
7,107,45,180,125.3673,13.5120000000024,0
7,527,0,225,244.5024,6.09399999999732,0
7,581,135,315,201.9948,19.0280000000057,0
7,581,135,315,201.9948,19.0280000000057,0
7,543,270,45,116.4751,10.5559999999969,0
7,260,135,0,263.5119,6.73200000000361,0
7,580,135,0,232.3121,4.94399999999587,0
7,543,270,45,116.4751,10.5559999999969,0
7,471,135,45,236.4658,19.6540000000023,0
7,520,0,0,15.64225,6.07100000000355,0
7,518,315,135,138.83,21.6549999999988,0
7,382,180,270,59.95168,10.0489999999991,0
7,715,0,45,104.6098,10.9380000000019,0
7,815,315,315,286.049,8.19000000000233,0
7,751,45,0,267.9786,12.5630000000019,0
7,546,270,90,168.5913,18.7679999999964,0
7,213,270,90,102.1715,10.9910000000018,0
7,107,45,180,306.6113,10.1759999999995,0
7,638,0,180,180.7192,5.56100000000151,0
7,174,180,225,90.22469,5.86100000000442,0
7,024,180,225,63.52489,7.04400000000169,0
7,371,225,270,69.56717,26.8240000000005,0
7,513,315,45,141.6632,7.27499999999418,0
7,748,315,90,167.3998,14.1009999999951,0
7,516,315,90,125.9605,6.81399999999849,0
7,014,225,225,322.5747,9.90199999999459,0
7,357,225,225,25.75047,12.0489999999991,0
7,574,225,270,53.64061,6.2410000000018,0
7,205,0,180,182.9184,6.333000000006,0
7,231,90,270,269.7717,10.5800000000017,0
7,564,90,270,235.8458,13.8020000000033,0
7,784,90,315,228.3246,7.20300000000134,0
7,561,90,315,258.6901,18.3350000000064,0
7,105,45,135,89.77531,13.3310000000056,0
7,538,45,135,135,12.7690000000002,0
7,632,0,315,257.6689,8.31999999999971,0
7,518,315,135,138.83,21.6549999999988,0
7,261,135,270,236.4658,13.6440000000002,0
7,643,270,0,130.6237,8.62900000000081,0
7,863,0,0,0.2246882,6.15000000000146,0
7,107,45,180,306.6113,10.1759999999995,0
7,023,180,135,259.5568,6.36499999999796,0
7,256,180,135,255.0525,6.47299999999814,0
7,368,180,180,359.7735,6.6359999999986,0
7,052,180,180,0.5562522,3.96600000000035,0
7,581,135,315,176.1859,27.1469999999972,0
7,741,315,0,67.23669,9.87799999999697,0
7,510,315,0,40.5154,10.3119999999981,0
7,581,135,315,176.1859,27.1469999999972,0
7,543,270,45,136.8377,24.0600000000049,0
7,743,315,45,137.3373,10.1180000000022,0
7,543,270,45,136.8377,24.0600000000049,0
7,578,225,135,203.1443,11.1869999999981,0
7,147,225,180,287.2132,16.9690000000046,0
7,376,225,180,259.5568,21.3280000000013,0
7,124,90,225,45,9.12400000000343,0
7,567,90,225,222.1729,15.9370000000054,0
7,851,315,315,33.08232,10.9219999999987,0
7,406,45,90,26.83405,11.3070000000007,0
7,102,45,90,55.26138,5.08199999999488,0
7,170,180,45,241.6578,9.15899999999965,0
7,714,0,315,259.3941,9.38999999999942,0
7,528,0,135,133.0347,7.0370000000039,0
7,235,90,180,138.061,10.7160000000003,0
7,154,135,225,139.3432,8.52399999999761,0
7,584,135,270,178.8767,17.8080000000045,0
7,873,270,0,101.3099,22.9859999999971,0
7,531,45,315,291.218,18.9060000000027,0
7,172,180,90,258.6901,11.6260000000038,0
7,253,180,90,245.3532,7.05800000000454,0
7,031,135,225,216.536,10.9199999999983,0
8,718,0,90,103.0274,14.0820000000022,180
8,250,180,0,170.8659,4.0480000000025,180
8,735,45,45,47.09525,9.21499999999651,180
8,683,180,0,170.8659,8.81199999999808,180
8,583,135,45,304.4608,14.6970000000001,180
8,476,135,90,246.1001,17.6189999999988,180
8,263,135,90,297.1907,6.08499999999913,180
8,507,0,225,260.4284,11.679999999993,180
8,158,135,135,306.545,11.737000000001,180
8,537,45,225,212.9052,15.0630000000019,180
8,684,180,270,90.22469,13.4920000000056,180
8,380,180,315,102.1715,5.75799999999435,180
8,682,180,315,102.1715,6.47800000000279,180
8,581,135,315,206.834,8.39900000000489,180
8,572,225,0,98.6955,9.73999999999796,180
8,543,270,45,135,9.09000000000378,180
8,518,315,135,225,33.0440000000017,180
8,548,270,135,124.1542,20.5489999999991,180
8,216,270,135,127.6879,12.7129999999961,180
8,648,270,180,266.1859,5.05799999999726,180
8,370,225,315,119.283,9.36000000000058,180
8,571,225,315,86.63354,17.8179999999993,180
8,523,0,45,45,15.2930000000051,180
8,731,45,0,234.0395,30.038999999997,180
8,230,90,0,248.3925,7.68499999999767,180
8,781,90,0,258.6901,7.33999999999651,180
8,783,90,45,295.3848,9.03600000000006,180
8,107,45,180,90.22469,5.39600000000064,180
8,107,45,180,90.22469,5.39600000000064,180
8,527,0,225,256.9726,11.8459999999977,180
8,581,135,315,217.4054,19.7790000000023,180
8,260,135,0,256.9726,13.0849999999991,180
8,580,135,0,256.9726,5.89099999999598,180
8,543,270,45,45,14.4689999999973,180
8,471,135,45,180.2247,10.3060000000041,180
8,520,0,0,6.488115,7.94499999999971,180
8,104,45,225,135,9.4429999999993,180
8,382,180,270,62.10273,8.27199999999721,180
8,715,0,45,98.6955,13.525999999998,180
8,815,315,315,269.7753,7.79699999999866,180
8,751,45,0,256.9726,8.16799999999785,180
8,170,180,45,258.6901,5.98099999999977,180
8,546,270,90,95.59933,15.1750000000029,180
8,213,270,90,135,10.1589999999997,180
8,638,0,180,177.0816,6.11800000000221,180
8,174,180,225,30.96376,8.25900000000547,180
8,024,180,225,85.73878,8.94499999999971,180
8,371,225,270,102.1715,16.6109999999971,180
8,513,315,45,72.37771,14.387999999999,180
8,748,315,90,123.5342,20.4150000000009,180
8,516,315,90,89.77531,10.7719999999972,180
8,357,225,225,55.53918,13.6859999999942,180
8,574,225,270,65.35323,6.28600000000006,180
8,564,90,270,225,11.0870000000068,180
8,581,135,315,217.4054,19.7790000000023,180
8,784,90,315,261.3045,16.239999999998,180
8,561,90,315,256.9726,10.8009999999995,180
8,543,270,45,45,14.4689999999973,180
8,105,45,135,65.35323,20.0839999999953,180
8,538,45,135,100.4432,16.5370000000039,180
8,632,0,315,258.6901,10.2439999999988,180
8,534,45,270,225,15.1189999999988,180
8,534,45,270,225,15.1189999999988,180
8,261,135,270,208.5947,14.3889999999956,180
8,643,270,0,107.6223,8.54200000000128,180
8,863,0,0,1.123303,5.01499999999942,180
8,170,180,45,258.6901,5.98099999999977,180
8,851,315,315,57.41265,14.8609999999971,180
8,256,180,135,257.8286,7.76400000000285,180
8,368,180,180,89.77531,33.7000000000044,180
8,205,0,180,177.0816,10.4049999999988,180
8,052,180,180,225,6.6710000000021,180
8,741,315,0,96.48811,10.7840000000069,180
8,510,315,0,86.63354,5.9539999999979,180
8,743,315,45,96.48811,11.9559999999983,180
8,578,225,135,178.8767,9.84700000000157,180
8,147,225,180,7.373766,6.4910000000018,180
8,376,225,180,303.2209,15.6889999999985,180
8,014,225,225,291.6075,16.6589999999997,180
8,124,90,225,63.88609,6.34700000000157,180
8,567,90,225,225,9.4739999999947,180
8,231,90,270,225,8.83099999999831,180
8,406,45,90,61.40528,7.65400000000227,180
8,102,45,90,54.93265,10.0760000000009,180
8,170,180,45,269.7753,8.8489999999947,180
8,714,0,315,10.00798,7.65999999999622,180
8,518,315,135,133.6196,20.2869999999966,180
8,528,0,135,103.0274,12.0670000000027,180
8,235,90,180,128.169,15.3690000000061,180
8,154,135,225,83.95591,14.6310000000012,180
8,584,135,270,222.6627,67.8899999999994,180
8,873,270,0,90.22469,6.29699999999866,180
8,531,45,315,227.3373,9.44399999999587,180
8,172,180,90,257.8286,18.872000000003,180
8,253,180,90,223.8542,14.0380000000005,180
8,023,180,135,256.9726,4.59200000000419,180
8,031,135,225,180.2247,10.0220000000045,180
8,206,0,135,103.0274,12.7260000000024,180
8,321,270,270,60.71697,18.1419999999998,180
8,642,270,315,2.021365,16.7580000000016,180
8,310,270,315,357.9786,7.53399999999965,180
8,142,225,90,263.5119,14.8320000000022,180
8,576,225,90,135,8.88200000000506,180
8,148,225,135,267.9786,19.5930000000008,180
8,634,0,270,256.9726,6.5879999999961,180
8,305,315,225,311.9251,14.885000000002,180
8,302,315,270,312.9048,7.80900000000111,180
8,534,45,270,225,10.0619999999981,180
8,624,315,270,5.599339,19.9159999999974,180
8,170,180,45,269.7753,8.8489999999947,180
8,518,315,135,133.6196,20.2869999999966,180
8,128,90,135,6.488115,12.1270000000004,180
8,236,90,135,74.85902,4.31700000000274,180
8,137,90,180,76.12247,27.8630000000048,180
8,534,45,270,225,10.0619999999981,180
8,203,0,90,56.77913,17.3320000000022,180
8,734,45,315,223.3832,8.0109999999986,180
8,410,45,45,45,10.2459999999992,180
8,107,45,180,102.1715,6.6820000000007,180
8,867,0,270,259.5568,9.68500000000495,180
8,107,45,180,102.1715,6.6820000000007,180
8,185,135,135,46.61679,9.50100000000384,180
8,157,135,180,56.77913,16.5829999999987,180
8,032,135,180,102.1715,12.1690000000017,180
8,654,270,270,57.41265,10.1940000000031,180
8,570,225,0,102.1715,6.15799999999581,180
8,581,135,315,206.834,8.39900000000489,180
8,140,225,45,256.1225,12.9059999999954,180
8,573,225,45,135,6.74700000000303,180
8,543,270,45,135,9.09000000000378,180
8,518,315,135,225,33.0440000000017,180
8,318,270,180,269.7753,8.65499999999884,180
8,547,270,225,268.8767,14.0630000000019,180
8,317,270,225,308.7965,6.69200000000274,180
8,461,90,45,257.8286,4.95899999999529,180
8,465,90,90,72.37771,5.29000000000087,180
8,123,90,90,259.5568,8.58499999999913,180
8,628,315,180,256.9726,6.54099999999744,180
8,306,315,180,257.8286,9.56399999999849,180
8,517,315,225,256.9726,18.7639999999956,180
9,534,45,270,227.2792,13.1659999999974,0
9,371,225,270,63.88609,8.99799999999959,0
9,531,45,315,259.5568,12.1729999999952,0
9,748,315,90,135,6.6339999999982,0
9,516,315,90,135,9.33099999999831,0
9,357,225,225,0.233859,13.101999999999,0
9,574,225,270,64.35079,18.5299999999988,0
9,564,90,270,112.3801,11.2769999999946,0
9,784,90,315,232.3121,6.73700000000099,0
9,561,90,315,229.6451,10.6260000000038,0
9,105,45,135,73.77473,8.80900000000111,0
9,538,45,135,83.06865,9.25499999999738,0
9,534,45,270,142.0318,19.0219999999972,0
9,863,0,0,357.9786,6.78699999999662,0
9,170,180,45,225,18.3989999999976,0
9,851,315,315,357.0816,8.41999999999825,0
9,632,0,315,300.5202,12.7200000000012,0
9,518,315,135,180.674,8.15400000000227,0
9,256,180,135,294.0755,6.75500000000466,0
9,518,315,135,180.674,8.15400000000227,0
9,368,180,180,6.488115,5.05500000000029,0
9,205,0,180,184.9585,3.47099999999773,0
9,052,180,180,0.2689923,5.45899999999529,0
9,741,315,0,69.17358,10.4539999999979,0
9,510,315,0,86.63354,19.3960000000006,0
9,743,315,45,134.4815,13.8020000000033,0
9,513,315,45,135,12.8550000000032,0
9,107,45,180,134.7164,8.57499999999709,0
9,147,225,180,296.1139,7.99300000000221,0
9,107,45,180,134.7164,8.57499999999709,0
9,376,225,180,270.9821,11.8859999999986,0
9,014,225,225,3.814075,13.4689999999973,0
9,124,90,225,143.8493,17.2880000000005,0
9,567,90,225,147.0948,10.9570000000022,0
9,231,90,270,178.8767,10.9619999999995,0
9,581,135,315,179.7092,11.5489999999991,0
9,406,45,90,60.71697,11.8229999999967,0
9,102,45,90,102.5534,10.2790000000023,0
9,543,270,45,134.3598,9.04899999999907,0
9,714,0,315,297.8973,7.22500000000582,0
9,528,0,135,142.8981,15.7739999999976,0
9,534,45,270,142.0318,19.0219999999972,0
9,154,135,225,97.8153,11.6800000000003,0
9,584,135,270,135.4529,10.333000000006,0
9,261,135,270,135,9.41999999999825,0
9,873,270,0,120.6322,9.72799999999552,0
9,643,270,0,106.8339,10.0450000000055,0
9,172,180,90,263.1788,8.29899999999907,0
9,253,180,90,263.2204,4.91399999999703,0
9,023,180,135,298.7798,5.63799999999901,0
9,031,135,225,102.1715,9.66500000000087,0
9,206,0,135,159.5672,7.23400000000402,0
9,321,270,270,0.2246882,8,0
9,642,270,315,61.16015,8.30600000000413,0
9,310,270,315,69.17358,14.1529999999984,0
9,142,225,90,216.0851,13.0199999999968,0
9,576,225,90,233.705,15.1390000000029,0
9,148,225,135,258.6901,12.6709999999948,0
9,634,0,270,261.3045,11.5590000000011,0
9,578,225,135,261.3045,9.74399999999878,0
9,235,90,180,108.435,7.03300000000309,0
9,302,315,270,307.6878,6.89900000000489,0
9,624,315,270,307.1207,14.0299999999988,0
9,581,135,315,179.7092,11.5489999999991,0
9,543,270,45,134.3598,9.04899999999907,0
9,518,315,135,179.7753,8.03000000000611,0
9,518,315,135,179.7753,8.03000000000611,0
9,128,90,135,64.6152,8.78199999999924,0
9,236,90,135,58.34873,13.1759999999995,0
9,137,90,180,103.0274,8.37000000000262,0
9,734,45,315,260.7322,10.6229999999996,0
9,410,45,45,355.7388,6.5570000000007,0
9,107,45,180,147.7328,19.2139999999999,0
9,867,0,270,263.5119,4.97499999999854,0
9,107,45,180,147.7328,19.2139999999999,0
9,185,135,135,357.8789,10.0999999999985,0
9,157,135,180,81.3045,10.2419999999984,0
9,032,135,180,70.76001,4.93000000000029,0
9,203,0,90,102.1715,4.47200000000157,0
9,654,270,270,353.5119,12.487000000001,0
9,570,225,0,146.0473,8.77300000000105,0
9,581,135,315,180.674,13.6999999999971,0
9,140,225,45,178.8767,11.5060000000012,0
9,573,225,45,247.6199,13.278999999995,0
9,543,270,45,149.5225,5.08800000000338,0
9,547,270,225,300.8831,11.4369999999981,0
9,317,270,225,314.3179,9.12700000000041,0
9,305,315,225,263.5119,6.84500000000116,0
9,170,180,45,231.2258,16.8369999999995,0
9,461,90,45,293.0089,7.36000000000058,0
9,465,90,90,317.6786,6.94799999999668,0
9,123,90,90,1.123303,17.4199999999983,0
9,628,315,180,226.8551,9.69700000000012,0
9,306,315,180,225,9.54400000000169,0
9,517,315,225,259.5568,11.2969999999987,0
9,718,0,90,101.3099,5.68499999999767,0
9,250,180,0,181.9946,17.1339999999982,0
9,735,45,45,356.4965,8.4120000000039,0
9,683,180,0,179.7753,8.10800000000017,0
9,476,135,90,325.5392,13.5460000000021,0
9,263,135,90,313.9391,17.2039999999979,0
9,507,0,225,227.8271,6.7609999999986,0
9,158,135,135,0.2246882,12.6610000000001,0
9,537,45,225,185.1539,11.4389999999985,0
9,380,180,315,127.6879,12.166999999994,0
9,682,180,315,135,11.5569999999934,0
9,581,135,315,180.674,13.6999999999971,0
9,572,225,0,135,9.94000000000233,0
9,543,270,45,149.5225,5.08800000000338,0
9,548,270,135,225,9.92799999999988,0
9,216,270,135,221.974,6.73599999999715,0
9,648,270,180,259.5568,10.5080000000016,0
9,318,270,180,257.8286,9.53499999999622,0
9,370,225,315,135,28.7989999999991,0
9,534,45,270,227.2792,13.1659999999974,0
9,571,225,315,56.15466,12.859000000004,0
9,523,0,45,57.89048,4.07600000000093,0
9,731,45,0,299.283,8.87099999999919,0
9,170,180,45,231.2258,16.8369999999995,0
9,230,90,0,258.4994,6.74399999999878,0
9,781,90,0,263.5119,5.67199999999866,0
9,783,90,45,315,5.62599999999657,0
9,527,0,225,223.1776,6.66500000000087,0
9,260,135,0,233.0894,7.19200000000274,0
9,580,135,0,233.573,14.7330000000002,0
9,471,135,45,256.9726,7.96800000000076,0
9,583,135,45,263.5119,6.92199999999866,0
9,520,0,0,0.2246882,8.15400000000227,0
9,104,45,225,187.3738,12.3430000000008,0
9,024,180,225,89.77531,17.8050000000003,0
9,382,180,270,110.6323,10.0509999999995,0
9,684,180,270,103.0274,10.0689999999959,0
9,715,0,45,69.96279,9.2609999999986,0
9,815,315,315,53.06693,10.1330000000016,0
9,751,45,0,303.8453,7.9120000000039,0
9,170,180,45,225,18.3989999999976,0
9,546,270,90,186.0441,11.8919999999998,0
9,213,270,90,170.8659,7.80900000000111,0
9,638,0,180,183.0484,9.24900000000343,0
9,174,180,225,56.53462,8.03699999999662,0
10,154,135,225,45,7.69500000000698,180
10,584,135,270,180.2247,16.1849999999977,180
10,261,135,270,211.9447,8.93100000000413,180
10,873,270,0,103.8775,6.80099999999948,180
10,643,270,0,125.665,3.94999999999709,180
10,172,180,90,287.6223,4.43300000000454,180
10,253,180,90,135,5.09700000000157,180
10,023,180,135,243.8861,11.2190000000046,180
10,206,0,135,77.39984,9.83099999999831,180
10,321,270,270,22.84455,3.63700000000244,180
10,642,270,315,247.2759,10.1970000000001,180
10,310,270,315,159.3046,14.4420000000027,180
10,741,315,0,66.85567,20.0940000000046,180
10,576,225,90,290.0372,6.11699999999837,180
10,148,225,135,245.3532,7.59999999999854,180
10,634,0,270,257.3998,8.62099999999919,180
10,107,45,180,123.8453,19.7810000000027,180
10,578,225,135,222.1729,4.76399999999558,180
10,235,90,180,179.7753,10.377999999997,180
10,302,315,270,310.6568,20.6440000000002,180
10,624,315,270,27.54513,7.30199999999604,180
10,581,135,315,225,17.8900000000067,180
10,543,270,45,135,9.58299999999872,180
10,236,90,135,45.36728,9.21199999999953,180
10,137,90,180,125.0674,23.4940000000061,180
10,031,135,225,193.0274,12.2710000000006,180
10,534,45,270,180.2247,8.16999999999825,180
10,734,45,315,225.2984,5.24199999999837,180
10,410,45,45,45,15.3640000000014,180
10,170,180,45,260.8659,4.37700000000041,180
10,170,180,45,260.8659,4.37700000000041,180
10,185,135,135,88.73818,6.35900000000402,180
10,157,135,180,45,11.4000000000015,180
10,032,135,180,90.22469,7.27100000000064,180
10,203,0,90,45,6.67199999999866,180
10,654,270,270,22.7633,19.5650000000023,180
10,570,225,0,225,9.41799999999785,180
10,140,225,45,177.0816,14.512999999999,180
10,573,225,45,256.5468,19.1749999999956,180
10,142,225,90,241.7529,8.81599999999889,180
10,867,0,270,262.6262,5.9829999999929,180
10,547,270,225,269.7753,7.61000000000058,180
10,317,270,225,301.293,5.333000000006,180
10,305,315,225,302.5873,44.0449999999983,180
10,461,90,45,282.6002,4.08599999999569,180
10,465,90,90,17.6223,7.97000000000116,180
10,123,90,90,315,27.5869999999995,180
10,128,90,135,294.6468,8.56200000000536,180
10,306,315,180,255.6997,8.49300000000221,180
10,517,315,225,177.9786,8.7410000000018,180
10,534,45,270,180.2247,8.16999999999825,180
10,718,0,90,89.77531,6.20600000000559,180
10,250,180,0,198.0296,4.10899999999674,180
10,735,45,45,0.2246882,9.82600000000093,180
10,683,180,0,170.8659,10.5390000000043,180
10,476,135,90,269.7753,4.33999999999651,180
10,263,135,90,308.5226,7.79299999999785,180
10,507,0,225,74.85902,10.4040000000023,180
10,158,135,135,352.1847,13.9490000000005,180
10,537,45,225,101.7414,11.1559999999954,180
10,380,180,315,104.3003,22.0180000000037,180
10,682,180,315,101.7414,15.5579999999973,180
10,572,225,0,103.4532,26.7869999999966,180
10,216,270,135,202.7633,7.29200000000128,180
10,648,270,180,232.5946,7.19200000000274,180
10,318,270,180,249.1736,5.18600000000151,180
10,534,45,270,141.2034,6.55399999999645,180
10,571,225,315,127.4054,11.2549999999974,180
10,523,0,45,315,9.75400000000081,180
10,731,45,0,299.283,4.86299999999756,180
10,170,180,45,258.2586,5.15400000000227,180
10,230,90,0,316.6168,5.94700000000012,180
10,170,180,45,258.2586,5.15400000000227,180
10,781,90,0,248.3925,27.8700000000026,180
10,783,90,45,299.283,5.19000000000233,180
10,518,315,135,225,6.62299999999959,180
10,518,315,135,225,6.62299999999959,180
10,527,0,225,225,20.0590000000011,180
10,628,315,180,264.4007,16.6469999999972,180
10,580,135,0,247.6199,8.95799999999872,180
10,471,135,45,255.6997,16.2350000000006,180
10,583,135,45,276.4881,16.4149999999936,180
10,520,0,0,321.31,24.2649999999994,180
10,107,45,180,66.10008,17.2180000000008,180
10,104,45,225,135,10.0600000000049,180
10,024,180,225,99.13409,3.9539999999979,180
10,382,180,270,89.77531,5.44200000000274,180
10,684,180,270,95.59933,7.26900000000023,180
10,581,135,315,225,9.50099999999657,180
10,815,315,315,285.9751,11.4809999999998,180
10,751,45,0,270.2247,10.9339999999938,180
10,543,270,45,135,8.63499999999476,180
10,546,270,90,180.674,14.0209999999934,180
10,213,270,90,135,9.66399999999703,180
10,548,270,135,225,16.515999999996,180
10,638,0,180,183.8141,5.92099999999482,180
10,534,45,270,141.2034,6.55399999999645,180
10,371,225,270,60.03782,5.06100000000151,180
10,370,225,315,90.22469,12.1329999999944,180
10,715,0,45,111.9948,6.8550000000032,180
10,531,45,315,295.3848,39.9380000000019,180
10,748,315,90,205.7505,15.573000000004,180
10,516,315,90,201.9948,13.0149999999994,180
10,357,225,225,312.1729,5.45599999999831,180
10,574,225,270,41.17001,21.023000000001,180
10,564,90,270,179.7753,18.1000000000058,180
10,784,90,315,225,9.62900000000081,180
10,561,90,315,256.5468,7.11799999999494,180
10,260,135,0,249.9628,4.51599999999598,180
10,538,45,135,50.39391,10.8110000000015,180
10,107,45,180,66.10008,17.2180000000008,180
10,581,135,315,225,9.50099999999657,180
10,863,0,0,353.9559,8.49700000000303,180
10,543,270,45,135,8.63499999999476,180
10,851,315,315,64.6152,15.3349999999991,180
10,632,0,315,261.7441,30.1750000000029,180
10,518,315,135,191.3099,11.0149999999994,180
10,256,180,135,180.2247,10.9300000000003,180
10,518,315,135,191.3099,11.0149999999994,180
10,368,180,180,349.992,5.61800000000221,180
10,205,0,180,255.6997,23.1259999999966,180
10,052,180,180,175.6013,11.7309999999998,180
10,174,180,225,72.37771,11,180
10,510,315,0,149.7017,7.03699999999662,180
10,743,315,45,73.19775,18.7899999999936,180
10,513,315,45,110.0372,11.7860000000001,180
10,147,225,180,255.6997,6.125,180
10,107,45,180,123.8453,19.7810000000027,180
10,376,225,180,290.8264,7.39600000000064,180
10,014,225,225,40.39713,8.28899999999703,180
10,124,90,225,181.5724,22.586000000003,180
10,567,90,225,70.76001,4.70799999999872,180
10,231,90,270,217.4054,4.97899999999936,180
10,581,135,315,225,17.8900000000067,180
10,406,45,90,359.7753,6.41300000000047,180
10,102,45,90,65.24146,46.976999999999,180
10,543,270,45,135,9.58299999999872,180
10,105,45,135,79.67474,7.09300000000076,180
10,714,0,315,310.1355,15.5169999999998,180
10,528,0,135,45,20.6929999999993,180
